date,league,home,away
2026-08-23,日职,Nagoya Grampus,Kawasaki Frontale
2026-08-23,日职,Sagan Tosu,Avispa Fukuoka
2026-08-23,日职,Cerezo Osaka,Gamba Osaka
2026-08-23,日职,FC Tokyo,Vissel Kobe
2026-08-23,日职,Shonan Bellmare,Kyoto Sanga
2026-08-23,日职,Kyoto Sanga,FC Tokyo
2026-08-23,日职,Urawa Red Diamonds,Kashima Antlers
2026-08-23,欧冠,Inter Milan,Chelsea FC
2026-08-23,欧冠,Inter Milan,Liverpool FC
2026-08-23,欧冠,Celtic FC,Chelsea FC
2026-08-23,欧冠,RB Leipzig,Juventus FC
2026-08-23,欧冠,PSV Eindhoven,Arsenal FC
2026-08-23,欧冠,Chelsea FC,Inter Milan
2026-08-23,欧冠,Inter Milan,Feyenoord
2026-08-23,荷甲,Feyenoord,Sparta Rotterdam
2026-08-23,荷甲,Feyenoord,Vitesse Arnhem
2026-08-23,荷甲,Almere City FC,Vitesse Arnhem
2026-08-23,荷甲,Fortuna Sittard,Ajax
2026-08-23,荷甲,Almere City FC,PEC Zwolle
2026-08-23,荷甲,AZ Alkmaar,NEC Nijmegen
2026-08-23,荷甲,PSV Eindhoven,FC Twente
2026-08-23,葡超,Sporting CP,Casa Pia AC
2026-08-23,葡超,Sporting CP,Moreirense FC
2026-08-23,葡超,Portimonense,Moreirense FC
2026-08-23,葡超,Estoril Praia,FC Porto
2026-08-23,葡超,Portimonense,Boavista FC
2026-08-23,葡超,SC Braga,Famalicão
2026-08-23,葡超,SL Benfica,Vitória SC
2026-08-23,韩职,Kyoto Sanga,Gimcheon Sangmu
2026-08-23,韩职,Jeonbuk Hyundai Motors,Daegu FC
2026-08-23,韩职,Kyoto Sanga,Ulsan Hyundai
2026-08-23,韩职,Gangwon FC,Incheon United
2026-08-23,韩职,Daegu FC,Ulsan Hyundai
2026-08-23,韩职,Daejeon Hana Citizen,Incheon United
2026-08-23,韩职,Seongnam FC,Busan IPark
2026-08-25,德甲,bayern munich,darmstadt
2026-08-25,德甲,borussia dortmund,heidenheim
2026-08-25,德甲,bayer leverkusen,bochum
2026-08-25,德甲,莱比锡,augsburg
2026-08-25,德甲,frankfurt,koln
2026-08-25,德甲,wolfsburg,不莱梅
2026-08-25,德甲,门兴,hoffenheim
2026-08-25,德甲,stuttgart,mainz
2026-08-25,德甲,union berlin,freiburg
2026-08-25,意甲,juventus,cagliari
2026-08-25,意甲,inter milano,lecce
2026-08-25,意甲,milan,monza
2026-08-25,意甲,napoli,salernitana
2026-08-25,意甲,roma,genoa
2026-08-25,意甲,lazio,sampdoria
2026-08-25,意甲,atalanta,empoli
2026-08-25,意甲,fiorentina,verona
2026-08-25,意甲,bologna,udinese
2026-08-25,意甲,torino,sassuolo
2026-08-25,法甲,psg,auxerre
2026-08-25,法甲,marseille,metz
2026-08-25,法甲,monaco,clermont
2026-08-25,法甲,lyon,lorient
2026-08-25,法甲,lille,toulouse
2026-08-25,法甲,rennes,reims
2026-08-25,法甲,nice,brest
2026-08-25,法甲,lens,nantes
2026-08-25,法甲,strasbourg,montpellier
2026-08-25,英超,manchester united,southampton
2026-08-25,英超,manchester city,leeds
2026-08-25,英超,liverpool,nottingham forest
2026-08-25,英超,chelsea,bournemouth
2026-08-25,英超,arsenal,fulham
2026-08-25,英超,tottenham,brentford
2026-08-25,英超,newcastle,crystal palace
2026-08-25,英超,aston villa,wolves
2026-08-25,英超,西汉姆,brighton
2026-08-25,英超,everton,leicester
2026-08-25,西甲,皇家马德里,巴伦西亚竞技
2026-08-25,西甲,巴塞罗那,rayo vallecano
2026-08-25,西甲,马德里竞技,granada
2026-08-25,西甲,sevilla,cadiz
2026-08-25,西甲,villarreal,马洛卡
2026-08-25,西甲,real sociedad,alaves
2026-08-25,西甲,毕尔巴鄂,espanyol
2026-08-25,西甲,valencia,赫塔菲
2026-08-25,西甲,real betis,girona
2026-08-25,西甲,osasuna,celta
2026-08-28,欧冠,Borussia Dortmund,Paris Saint-Germain FC
2026-08-28,欧冠,FC Barcelona,RB Leipzig
2026-08-28,欧冠,Manchester City FC,Celtic FC
2026-08-28,欧冠,Juventus FC,Inter Milan
2026-08-28,欧冠,Borussia Dortmund,FC Barcelona
2026-08-28,欧冠,Benfica,Manchester City FC
2026-08-28,欧冠,PSV Eindhoven,RB Leipzig
2026-08-29,荷甲,Ajax,Volendam FC
2026-08-29,荷甲,Vitesse Arnhem,NEC Nijmegen
2026-08-29,荷甲,SC Heerenveen,Vitesse Arnhem
2026-08-29,荷甲,FC Twente,Almere City FC
2026-08-29,荷甲,FC Groningen,Fortuna Sittard
2026-08-29,荷甲,Sparta Rotterdam,RKC Waalwijk
2026-08-29,荷甲,AZ Alkmaar,RKC Waalwijk
2026-08-29,葡超,FC Porto,Santa Clara
2026-08-29,葡超,Moreirense FC,Famalicão
2026-08-29,葡超,Estrela da Amadora,Moreirense FC
2026-08-29,葡超,Vitória SC,Portimonense
2026-08-29,葡超,Arouca,Estoril Praia
2026-08-29,葡超,Casa Pia AC,Vizela
2026-08-29,葡超,SC Braga,Vizela
2026-09-01,德甲,borussia dortmund,bayern munich
2026-09-01,德甲,darmstadt,bayer leverkusen
2026-09-01,德甲,heidenheim,莱比锡
2026-09-01,德甲,bochum,frankfurt
2026-09-01,德甲,augsburg,wolfsburg
2026-09-01,德甲,koln,门兴
2026-09-01,德甲,不莱梅,stuttgart
2026-09-01,德甲,hoffenheim,union berlin
2026-09-01,德甲,mainz,freiburg
2026-09-01,意甲,inter milano,juventus
2026-09-01,意甲,cagliari,milan
2026-09-01,意甲,lecce,napoli
2026-09-01,意甲,monza,roma
2026-09-01,意甲,salernitana,lazio
2026-09-01,意甲,genoa,atalanta
2026-09-01,意甲,sampdoria,fiorentina
2026-09-01,意甲,empoli,bologna
2026-09-01,意甲,verona,torino
2026-09-01,意甲,udinese,sassuolo
2026-09-01,日职,Tokyo Verdy,Kyoto Sanga
2026-09-01,日职,Kashima Antlers,Sanfrecce Hiroshima
2026-09-01,日职,Vissel Kobe,Gamba Osaka
2026-09-01,日职,Urawa Red Diamonds,Yokohama F. Marinos
2026-09-01,日职,Cerezo Osaka,FC Tokyo
2026-09-01,日职,Kawasaki Frontale,Sanfrecce Hiroshima
2026-09-01,日职,FC Tokyo,Yokohama F. Marinos
2026-09-01,法甲,marseille,psg
2026-09-01,法甲,auxerre,monaco
2026-09-01,法甲,metz,lyon
2026-09-01,法甲,clermont,lille
2026-09-01,法甲,lorient,rennes
2026-09-01,法甲,toulouse,nice
2026-09-01,法甲,reims,lens
2026-09-01,法甲,brest,strasbourg
2026-09-01,法甲,nantes,montpellier
2026-09-01,英超,manchester city,manchester united
2026-09-01,英超,southampton,liverpool
2026-09-01,英超,leeds,chelsea
2026-09-01,英超,nottingham forest,arsenal
2026-09-01,英超,bournemouth,tottenham
2026-09-01,英超,fulham,newcastle
2026-09-01,英超,brentford,aston villa
2026-09-01,英超,crystal palace,西汉姆
2026-09-01,英超,wolves,everton
2026-09-01,英超,brighton,leicester
2026-09-01,西甲,巴塞罗那,皇家马德里
2026-09-01,西甲,巴伦西亚竞技,马德里竞技
2026-09-01,西甲,rayo vallecano,sevilla
2026-09-01,西甲,granada,villarreal
2026-09-01,西甲,cadiz,real sociedad
2026-09-01,西甲,马洛卡,毕尔巴鄂
2026-09-01,西甲,alaves,valencia
2026-09-01,西甲,espanyol,real betis
2026-09-01,西甲,赫塔菲,osasuna
2026-09-01,西甲,girona,celta
2026-09-02,欧冠,Celtic FC,AC Milan
2026-09-02,欧冠,Chelsea FC,Porto
2026-09-02,欧冠,Liverpool FC,Atlético de Madrid
2026-09-02,欧冠,Inter Milan,AC Milan
2026-09-02,欧冠,Arsenal FC,Inter Milan
2026-09-02,欧冠,Feyenoord,Benfica
2026-09-02,欧冠,AC Milan,PSV Eindhoven
2026-09-02,韩职,Gimcheon Sangmu,Gangwon FC
2026-09-02,韩职,Pohang Steelers,Busan IPark
2026-09-02,韩职,Suwon Samsung Bluewings,Ulsan Hyundai
2026-09-02,韩职,Jeonbuk Hyundai Motors,Jeju United
2026-09-02,韩职,Ulsan Hyundai,Kyoto Sanga
2026-09-02,韩职,Busan IPark,Incheon United
2026-09-02,韩职,Ulsan Hyundai,Pohang Steelers
2026-09-04,荷甲,Volendam FC,Go Ahead Eagles
2026-09-04,荷甲,RKC Waalwijk,SC Heerenveen
2026-09-04,荷甲,Go Ahead Eagles,Vitesse Arnhem
2026-09-04,荷甲,Heracles Almelo,Volendam FC
2026-09-04,荷甲,Almere City FC,FC Groningen
2026-09-04,荷甲,AZ Alkmaar,Ajax
2026-09-04,荷甲,Heracles Almelo,FC Groningen
2026-09-04,葡超,Santa Clara,Gil Vicente FC
2026-09-04,葡超,Vizela,Estrela da Amadora
2026-09-04,葡超,Gil Vicente FC,Moreirense FC
2026-09-04,葡超,Chaves,Santa Clara
2026-09-04,葡超,Portimonense,Arouca
2026-09-04,葡超,SC Braga,FC Porto
2026-09-04,葡超,Chaves,Arouca
2026-09-07,欧冠,Juventus FC,Celtic FC
2026-09-07,欧冠,Borussia Dortmund,Porto
2026-09-07,欧冠,Porto,Atlético de Madrid
2026-09-07,欧冠,Celtic FC,Juventus FC
2026-09-07,欧冠,Real Madrid CF,Feyenoord
2026-09-07,欧冠,Atlético de Madrid,FC Barcelona
2026-09-07,欧冠,Benfica,RB Leipzig
2026-09-10,日职,Nagoya Grampus,Urawa Red Diamonds
2026-09-10,日职,Avispa Fukuoka,Urawa Red Diamonds
2026-09-10,日职,Vissel Kobe,Yokohama F. Marinos
2026-09-10,日职,Tokyo Verdy,Yokohama F. Marinos
2026-09-10,日职,Kyoto Sanga,Sagan Tosu
2026-09-10,日职,Kawasaki Frontale,Nagoya Grampus
2026-09-10,日职,Shonan Bellmare,Cerezo Osaka
2026-09-10,荷甲,Volendam FC,AZ Alkmaar
2026-09-10,荷甲,RKC Waalwijk,Heracles Almelo
2026-09-10,荷甲,RKC Waalwijk,Go Ahead Eagles
2026-09-10,荷甲,Volendam FC,Heracles Almelo
2026-09-10,荷甲,PSV Eindhoven,Ajax
2026-09-10,荷甲,PSV Eindhoven,NEC Nijmegen
2026-09-10,荷甲,RKC Waalwijk,NEC Nijmegen
2026-09-10,葡超,Santa Clara,SC Braga
2026-09-10,葡超,Vizela,Chaves
2026-09-10,葡超,Vizela,Gil Vicente FC
2026-09-10,葡超,Santa Clara,Chaves
2026-09-10,葡超,SL Benfica,FC Porto
2026-09-10,葡超,SL Benfica,Famalicão
2026-09-10,葡超,Vizela,Famalicão
2026-09-12,欧冠,Liverpool FC,Borussia Dortmund
2026-09-12,欧冠,Napoli,Liverpool FC
2026-09-12,欧冠,Manchester City FC,Atlético de Madrid
2026-09-12,欧冠,Celtic FC,Atlético de Madrid
2026-09-12,欧冠,Manchester City FC,Chelsea FC
2026-09-12,欧冠,Arsenal FC,Manchester City FC
2026-09-12,欧冠,Inter Milan,Benfica
2026-09-12,韩职,Incheon United,Busan IPark
2026-09-12,韩职,Gangwon FC,Kyoto Sanga
2026-09-12,韩职,Gangwon FC,Busan IPark
2026-09-12,韩职,Daejeon Hana Citizen,Kyoto Sanga
2026-09-12,韩职,Busan IPark,Suwon Samsung Bluewings
2026-09-12,韩职,Busan IPark,Seongnam FC
2026-09-12,韩职,Daegu FC,Gimcheon Sangmu
2026-09-16,荷甲,Sparta Rotterdam,FC Utrecht
2026-09-16,荷甲,AZ Alkmaar,PSV Eindhoven
2026-09-16,荷甲,RKC Waalwijk,AZ Alkmaar
2026-09-16,荷甲,Go Ahead Eagles,Sparta Rotterdam
2026-09-16,荷甲,PEC Zwolle,Sparta Rotterdam
2026-09-16,荷甲,Go Ahead Eagles,Heracles Almelo
2026-09-16,荷甲,Heracles Almelo,PSV Eindhoven
2026-09-16,葡超,Casa Pia AC,Rio Ave FC
2026-09-16,葡超,SC Braga,SL Benfica
2026-09-16,葡超,Vizela,SC Braga
2026-09-16,葡超,Gil Vicente FC,Casa Pia AC
2026-09-16,葡超,Boavista FC,Casa Pia AC
2026-09-16,葡超,Gil Vicente FC,Chaves
2026-09-16,葡超,Chaves,SL Benfica
2026-09-17,欧冠,Bayern München,FC Barcelona
2026-09-17,欧冠,Porto,Real Madrid CF
2026-09-17,欧冠,Liverpool FC,Porto
2026-09-17,欧冠,FC Barcelona,Celtic FC
2026-09-17,欧冠,Juventus FC,Manchester City FC
2026-09-17,欧冠,Porto,Borussia Dortmund
2026-09-17,欧冠,Atlético de Madrid,Bayern München
2026-09-19,日职,Nagoya Grampus,Kashima Antlers
2026-09-19,日职,Nagoya Grampus,Kyoto Sanga
2026-09-19,日职,Kashima Antlers,Yokohama F. Marinos
2026-09-19,日职,Shonan Bellmare,Kawasaki Frontale
2026-09-19,日职,Sanfrecce Hiroshima,Tokyo Verdy
2026-09-19,日职,Yokohama F. Marinos,Urawa Red Diamonds
2026-09-19,日职,Sagan Tosu,Tokyo Verdy
2026-09-22,欧冠,Feyenoord,Juventus FC
2026-09-22,欧冠,RB Leipzig,Porto
2026-09-22,欧冠,Borussia Dortmund,Chelsea FC
2026-09-22,欧冠,Paris Saint-Germain FC,Inter Milan
2026-09-22,欧冠,Atlético de Madrid,Arsenal FC
2026-09-22,欧冠,Napoli,Manchester City FC
2026-09-22,欧冠,Borussia Dortmund,Bayern München
2026-09-22,荷甲,NEC Nijmegen,Ajax
2026-09-22,荷甲,Vitesse Arnhem,Ajax
2026-09-22,荷甲,FC Groningen,NEC Nijmegen
2026-09-22,荷甲,Volendam FC,PEC Zwolle
2026-09-22,荷甲,NEC Nijmegen,Fortuna Sittard
2026-09-22,荷甲,PSV Eindhoven,Feyenoord
2026-09-22,荷甲,Vitesse Arnhem,Feyenoord
2026-09-22,葡超,Famalicão,FC Porto
2026-09-22,葡超,Moreirense FC,FC Porto
2026-09-22,葡超,Arouca,Famalicão
2026-09-22,葡超,Santa Clara,Boavista FC
2026-09-22,葡超,Famalicão,Estoril Praia
2026-09-22,葡超,SL Benfica,Sporting CP
2026-09-22,葡超,Moreirense FC,Sporting CP
2026-09-22,韩职,FC Seoul,Incheon United
2026-09-22,韩职,Daejeon Hana Citizen,Ulsan Hyundai
2026-09-22,韩职,Pohang Steelers,Kyoto Sanga
2026-09-22,韩职,Suwon Samsung Bluewings,Pohang Steelers
2026-09-22,韩职,Jeonbuk Hyundai Motors,Suwon Samsung Bluewings
2026-09-22,韩职,Kyoto Sanga,Jeju United
2026-09-22,韩职,Kyoto Sanga,Pohang Steelers
2026-09-27,欧冠,Paris Saint-Germain FC,Porto
2026-09-27,欧冠,Paris Saint-Germain FC,RB Leipzig
2026-09-27,欧冠,Real Madrid CF,Benfica
2026-09-27,欧冠,Porto,Arsenal FC
2026-09-27,欧冠,Celtic FC,Inter Milan
2026-09-27,欧冠,Real Madrid CF,Manchester City FC
2026-09-27,欧冠,FC Barcelona,Manchester City FC
2026-09-28,日职,Kawasaki Frontale,Vissel Kobe
2026-09-28,日职,Sanfrecce Hiroshima,Kashima Antlers
2026-09-28,日职,Kawasaki Frontale,Shonan Bellmare
2026-09-28,日职,Tokyo Verdy,Kawasaki Frontale
2026-09-28,日职,Gamba Osaka,Kashima Antlers
2026-09-28,日职,Sagan Tosu,Kashima Antlers
2026-09-28,日职,Shonan Bellmare,Urawa Red Diamonds
2026-09-28,荷甲,Fortuna Sittard,PEC Zwolle
2026-09-28,荷甲,Go Ahead Eagles,AZ Alkmaar
2026-09-28,荷甲,PEC Zwolle,Almere City FC
2026-09-28,荷甲,Heracles Almelo,AZ Alkmaar
2026-09-28,荷甲,Fortuna Sittard,RKC Waalwijk
2026-09-28,荷甲,Sparta Rotterdam,AZ Alkmaar
2026-09-28,荷甲,Heracles Almelo,NEC Nijmegen
2026-09-28,葡超,Estoril Praia,Boavista FC
2026-09-28,葡超,Gil Vicente FC,SC Braga
2026-09-28,葡超,Boavista FC,Portimonense
2026-09-28,葡超,Chaves,SC Braga
2026-09-28,葡超,Estoril Praia,Vizela
2026-09-28,葡超,Casa Pia AC,SC Braga
2026-09-28,葡超,Chaves,Famalicão
2026-10-02,欧冠,Benfica,PSV Eindhoven
2026-10-02,欧冠,Juventus FC,Paris Saint-Germain FC
2026-10-02,欧冠,Atlético de Madrid,Manchester City FC
2026-10-02,欧冠,Juventus FC,Arsenal FC
2026-10-02,欧冠,AC Milan,Atlético de Madrid
2026-10-02,欧冠,Inter Milan,Arsenal FC
2026-10-02,欧冠,RB Leipzig,Liverpool FC
2026-10-02,韩职,Pohang Steelers,Suwon Samsung Bluewings
2026-10-02,韩职,Kyoto Sanga,Daejeon Hana Citizen
2026-10-02,韩职,Gangwon FC,Daejeon Hana Citizen
2026-10-02,韩职,Jeonbuk Hyundai Motors,Busan IPark
2026-10-02,韩职,Jeju United,Pohang Steelers
2026-10-02,韩职,Pohang Steelers,Jeju United
2026-10-02,韩职,Jeju United,FC Seoul
2026-10-04,荷甲,Vitesse Arnhem,Heracles Almelo
2026-10-04,荷甲,AZ Alkmaar,Vitesse Arnhem
2026-10-04,荷甲,Volendam FC,Almere City FC
2026-10-04,荷甲,SC Heerenveen,Feyenoord
2026-10-04,荷甲,Almere City FC,Heracles Almelo
2026-10-04,荷甲,PSV Eindhoven,Go Ahead Eagles
2026-10-04,荷甲,Go Ahead Eagles,FC Twente
2026-10-04,葡超,Moreirense FC,Chaves
2026-10-04,葡超,SC Braga,Moreirense FC
2026-10-04,葡超,Santa Clara,Portimonense
2026-10-04,葡超,Estrela da Amadora,Sporting CP
2026-10-04,葡超,Portimonense,Chaves
2026-10-04,葡超,SL Benfica,Gil Vicente FC
2026-10-04,葡超,Gil Vicente FC,Vitória SC
2026-10-07,日职,Kashima Antlers,Sagan Tosu
2026-10-07,日职,Sagan Tosu,Shonan Bellmare
2026-10-07,日职,FC Tokyo,Tokyo Verdy
2026-10-07,日职,Sanfrecce Hiroshima,Vissel Kobe
2026-10-07,日职,FC Tokyo,Gamba Osaka
2026-10-07,日职,Urawa Red Diamonds,Nagoya Grampus
2026-10-07,日职,Sagan Tosu,FC Tokyo
2026-10-07,欧冠,PSV Eindhoven,Feyenoord
2026-10-07,欧冠,Benfica,Inter Milan
2026-10-07,欧冠,Chelsea FC,Bayern München
2026-10-07,欧冠,Bayern München,AC Milan
2026-10-07,欧冠,Real Madrid CF,Inter Milan
2026-10-07,欧冠,Porto,FC Barcelona
2026-10-07,欧冠,Feyenoord,AC Milan
2026-10-10,荷甲,Ajax,SC Heerenveen
2026-10-10,荷甲,PEC Zwolle,Fortuna Sittard
2026-10-10,荷甲,PEC Zwolle,FC Groningen
2026-10-10,荷甲,NEC Nijmegen,AZ Alkmaar
2026-10-10,荷甲,FC Utrecht,SC Heerenveen
2026-10-10,荷甲,Feyenoord,FC Groningen
2026-10-10,荷甲,Ajax,FC Twente
2026-10-10,葡超,FC Porto,Estrela da Amadora
2026-10-10,葡超,Boavista FC,Estoril Praia
2026-10-10,葡超,Boavista FC,Arouca
2026-10-10,葡超,Famalicão,SC Braga
2026-10-10,葡超,Rio Ave FC,Estrela da Amadora
2026-10-10,葡超,Sporting CP,Arouca
2026-10-10,葡超,FC Porto,Vitória SC
2026-10-12,欧冠,Borussia Dortmund,Inter Milan
2026-10-12,欧冠,Porto,RB Leipzig
2026-10-12,欧冠,FC Barcelona,Porto
2026-10-12,欧冠,Porto,Manchester City FC
2026-10-12,欧冠,Celtic FC,Arsenal FC
2026-10-12,欧冠,Bayern München,Manchester City FC
2026-10-12,欧冠,PSV Eindhoven,AC Milan
2026-10-12,韩职,Busan IPark,Daegu FC
2026-10-12,韩职,Gimcheon Sangmu,Jeju United
2026-10-12,韩职,FC Seoul,Gangwon FC
2026-10-12,韩职,Busan IPark,Jeju United
2026-10-12,韩职,Kyoto Sanga,Busan IPark
2026-10-12,韩职,Ulsan Hyundai,Jeonbuk Hyundai Motors
2026-10-12,韩职,Incheon United,Suwon Samsung Bluewings
2026-10-16,日职,Gamba Osaka,Yokohama F. Marinos
2026-10-16,日职,Yokohama F. Marinos,FC Tokyo
2026-10-16,日职,Kawasaki Frontale,FC Tokyo
2026-10-16,日职,Nagoya Grampus,FC Tokyo
2026-10-16,日职,Kawasaki Frontale,Kyoto Sanga
2026-10-16,日职,Urawa Red Diamonds,Kyoto Sanga
2026-10-16,日职,Cerezo Osaka,Nagoya Grampus
2026-10-16,荷甲,Ajax,FC Groningen
2026-10-16,荷甲,RKC Waalwijk,PEC Zwolle
2026-10-16,荷甲,FC Utrecht,Go Ahead Eagles
2026-10-16,荷甲,FC Twente,NEC Nijmegen
2026-10-16,荷甲,FC Groningen,AZ Alkmaar
2026-10-16,荷甲,Volendam FC,Vitesse Arnhem
2026-10-16,荷甲,NEC Nijmegen,Heracles Almelo
2026-10-16,葡超,FC Porto,Arouca
2026-10-16,葡超,Vizela,Boavista FC
2026-10-16,葡超,Rio Ave FC,Gil Vicente FC
2026-10-16,葡超,Vitória SC,Famalicão
2026-10-16,葡超,Arouca,SC Braga
2026-10-16,葡超,Santa Clara,Moreirense FC
2026-10-16,葡超,Famalicão,Chaves
2026-10-17,欧冠,Manchester City FC,Inter Milan
2026-10-17,欧冠,Atlético de Madrid,Celtic FC
2026-10-17,欧冠,Manchester City FC,Liverpool FC
2026-10-17,欧冠,Inter Milan,Bayern München
2026-10-17,欧冠,Chelsea FC,Arsenal FC
2026-10-17,欧冠,Celtic FC,Real Madrid CF
2026-10-17,欧冠,Chelsea FC,Borussia Dortmund
2026-10-22,欧冠,Atlético de Madrid,Real Madrid CF
2026-10-22,欧冠,Manchester City FC,RB Leipzig
2026-10-22,欧冠,Bayern München,Chelsea FC
2026-10-22,欧冠,Bayern München,Napoli
2026-10-22,欧冠,Liverpool FC,Napoli
2026-10-22,欧冠,Atlético de Madrid,Feyenoord
2026-10-22,欧冠,Benfica,Bayern München
2026-10-22,荷甲,FC Twente,FC Utrecht
2026-10-22,荷甲,Vitesse Arnhem,Fortuna Sittard
2026-10-22,荷甲,Ajax,RKC Waalwijk
2026-10-22,荷甲,Volendam FC,PSV Eindhoven
2026-10-22,荷甲,Heracles Almelo,Almere City FC
2026-10-22,荷甲,PSV Eindhoven,Vitesse Arnhem
2026-10-22,荷甲,FC Twente,Fortuna Sittard
2026-10-22,葡超,Vitória SC,Rio Ave FC
2026-10-22,葡超,Moreirense FC,Estoril Praia
2026-10-22,葡超,FC Porto,Vizela
2026-10-22,葡超,Santa Clara,SL Benfica
2026-10-22,葡超,Chaves,Portimonense
2026-10-22,葡超,SL Benfica,Moreirense FC
2026-10-22,葡超,Vitória SC,Estoril Praia
2026-10-22,韩职,Ulsan Hyundai,Gimcheon Sangmu
2026-10-22,韩职,Seongnam FC,Pohang Steelers
2026-10-22,韩职,Suwon Samsung Bluewings,Daegu FC
2026-10-22,韩职,Gangwon FC,Gimcheon Sangmu
2026-10-22,韩职,Incheon United,Daegu FC
2026-10-22,韩职,Kyoto Sanga,Daegu FC
2026-10-22,韩职,Seongnam FC,Incheon United
2026-10-25,日职,Vissel Kobe,Cerezo Osaka
2026-10-25,日职,Avispa Fukuoka,Gamba Osaka
2026-10-25,日职,Cerezo Osaka,Vissel Kobe
2026-10-25,日职,Cerezo Osaka,Shonan Bellmare
2026-10-25,日职,Gamba Osaka,Sagan Tosu
2026-10-25,日职,Yokohama F. Marinos,Sanfrecce Hiroshima
2026-10-25,日职,Kyoto Sanga,Tokyo Verdy
2026-10-27,欧冠,RB Leipzig,Napoli
2026-10-27,欧冠,Chelsea FC,Liverpool FC
2026-10-27,欧冠,Juventus FC,RB Leipzig
2026-10-27,欧冠,Napoli,Benfica
2026-10-27,欧冠,Paris Saint-Germain FC,Napoli
2026-10-27,欧冠,Bayern München,Real Madrid CF
2026-10-27,欧冠,Paris Saint-Germain FC,Arsenal FC
2026-10-28,荷甲,NEC Nijmegen,FC Groningen
2026-10-28,荷甲,FC Utrecht,AZ Alkmaar
2026-10-28,荷甲,FC Twente,Ajax
2026-10-28,荷甲,Fortuna Sittard,Sparta Rotterdam
2026-10-28,荷甲,FC Utrecht,Ajax
2026-10-28,荷甲,Fortuna Sittard,FC Utrecht
2026-10-28,荷甲,Sparta Rotterdam,PEC Zwolle
2026-10-28,葡超,Famalicão,Arouca
2026-10-28,葡超,Rio Ave FC,SC Braga
2026-10-28,葡超,Vitória SC,FC Porto
2026-10-28,葡超,Estoril Praia,Casa Pia AC
2026-10-28,葡超,Rio Ave FC,FC Porto
2026-10-28,葡超,Estoril Praia,Rio Ave FC
2026-10-28,葡超,Casa Pia AC,Boavista FC
2026-11-01,欧冠,Napoli,Juventus FC
2026-11-01,欧冠,Celtic FC,Borussia Dortmund
2026-11-01,欧冠,RB Leipzig,PSV Eindhoven
2026-11-01,欧冠,Porto,Chelsea FC
2026-11-01,欧冠,Celtic FC,Feyenoord
2026-11-01,欧冠,AC Milan,Paris Saint-Germain FC
2026-11-01,欧冠,Manchester City FC,Benfica
2026-11-01,韩职,Jeonbuk Hyundai Motors,Kyoto Sanga
2026-11-01,韩职,Suwon Samsung Bluewings,Jeju United
2026-11-01,韩职,Suwon Samsung Bluewings,Jeonbuk Hyundai Motors
2026-11-01,韩职,Gangwon FC,Suwon Samsung Bluewings
2026-11-01,韩职,Incheon United,Daejeon Hana Citizen
2026-11-01,韩职,FC Seoul,Daegu FC
2026-11-01,韩职,Jeju United,Busan IPark
2026-11-03,日职,Kashima Antlers,Kyoto Sanga
2026-11-03,日职,Vissel Kobe,FC Tokyo
2026-11-03,日职,Yokohama F. Marinos,Kawasaki Frontale
2026-11-03,日职,Tokyo Verdy,Cerezo Osaka
2026-11-03,日职,Yokohama F. Marinos,Nagoya Grampus
2026-11-03,日职,Gamba Osaka,Cerezo Osaka
2026-11-03,日职,Avispa Fukuoka,Vissel Kobe
2026-11-03,荷甲,NEC Nijmegen,FC Utrecht
2026-11-03,荷甲,Volendam FC,FC Utrecht
2026-11-03,荷甲,RKC Waalwijk,Almere City FC
2026-11-03,荷甲,Go Ahead Eagles,Volendam FC
2026-11-03,荷甲,PEC Zwolle,FC Utrecht
2026-11-03,荷甲,Go Ahead Eagles,RKC Waalwijk
2026-11-03,荷甲,AZ Alkmaar,Volendam FC
2026-11-03,葡超,Famalicão,Rio Ave FC
2026-11-03,葡超,Santa Clara,Rio Ave FC
2026-11-03,葡超,Vizela,Portimonense
2026-11-03,葡超,Gil Vicente FC,Santa Clara
2026-11-03,葡超,Boavista FC,Rio Ave FC
2026-11-03,葡超,Gil Vicente FC,Vizela
2026-11-03,葡超,SC Braga,Santa Clara
2026-11-06,欧冠,Inter Milan,Real Madrid CF
2026-11-06,欧冠,Bayern München,RB Leipzig
2026-11-06,欧冠,PSV Eindhoven,FC Barcelona
2026-11-06,欧冠,Atlético de Madrid,RB Leipzig
2026-11-06,欧冠,Real Madrid CF,Bayern München
2026-11-06,欧冠,Celtic FC,PSV Eindhoven
2026-11-06,欧冠,Borussia Dortmund,Atlético de Madrid
2026-11-09,荷甲,NEC Nijmegen,FC Twente
2026-11-09,荷甲,RKC Waalwijk,Ajax
2026-11-09,荷甲,SC Heerenveen,Almere City FC
2026-11-09,荷甲,Volendam FC,RKC Waalwijk
2026-11-09,荷甲,Feyenoord,AZ Alkmaar
2026-11-09,荷甲,Fortuna Sittard,Vitesse Arnhem
2026-11-09,荷甲,PEC Zwolle,RKC Waalwijk
2026-11-09,葡超,Famalicão,Vitória SC
2026-11-09,葡超,Vizela,FC Porto
2026-11-09,葡超,Estrela da Amadora,Portimonense
2026-11-09,葡超,Santa Clara,Vizela
2026-11-09,葡超,Sporting CP,SC Braga
2026-11-09,葡超,Estoril Praia,Moreirense FC
2026-11-09,葡超,Boavista FC,Vizela
2026-11-11,欧冠,Bayern München,Liverpool FC
2026-11-11,欧冠,Celtic FC,Liverpool FC
2026-11-11,欧冠,Bayern München,Arsenal FC
2026-11-11,欧冠,Borussia Dortmund,AC Milan
2026-11-11,欧冠,Paris Saint-Germain FC,Real Madrid CF
2026-11-11,欧冠,AC Milan,Feyenoord
2026-11-11,欧冠,RB Leipzig,Real Madrid CF
2026-11-11,韩职,Busan IPark,Kyoto Sanga
2026-11-11,韩职,Daegu FC,Busan IPark
2026-11-11,韩职,Pohang Steelers,Ulsan Hyundai
2026-11-11,韩职,Gangwon FC,Jeju United
2026-11-11,韩职,FC Seoul,Ulsan Hyundai
2026-11-11,韩职,Busan IPark,Daejeon Hana Citizen
2026-11-11,韩职,Jeonbuk Hyundai Motors,Incheon United
2026-11-12,日职,Urawa Red Diamonds,Sanfrecce Hiroshima
2026-11-12,日职,Gamba Osaka,Tokyo Verdy
2026-11-12,日职,Sanfrecce Hiroshima,FC Tokyo
2026-11-12,日职,Kyoto Sanga,Urawa Red Diamonds
2026-11-12,日职,Kashima Antlers,Avispa Fukuoka
2026-11-12,日职,Kawasaki Frontale,Cerezo Osaka
2026-11-12,日职,Shonan Bellmare,FC Tokyo
2026-11-15,荷甲,NEC Nijmegen,Go Ahead Eagles
2026-11-15,荷甲,Heracles Almelo,Feyenoord
2026-11-15,荷甲,Fortuna Sittard,PSV Eindhoven
2026-11-15,荷甲,Go Ahead Eagles,PEC Zwolle
2026-11-15,荷甲,Almere City FC,Feyenoord
2026-11-15,荷甲,Volendam FC,NEC Nijmegen
2026-11-15,荷甲,Feyenoord,SC Heerenveen
2026-11-15,葡超,Famalicão,Gil Vicente FC
2026-11-15,葡超,Chaves,Sporting CP
2026-11-15,葡超,Estoril Praia,SL Benfica
2026-11-15,葡超,Gil Vicente FC,Boavista FC
2026-11-15,葡超,Portimonense,Sporting CP
2026-11-15,葡超,Santa Clara,Famalicão
2026-11-15,葡超,Sporting CP,Estrela da Amadora
2026-11-16,欧冠,Arsenal FC,FC Barcelona
2026-11-16,欧冠,Napoli,Feyenoord
2026-11-16,欧冠,PSV Eindhoven,Napoli
2026-11-16,欧冠,Juventus FC,Borussia Dortmund
2026-11-16,欧冠,Bayern München,Benfica
2026-11-16,欧冠,Atlético de Madrid,Paris Saint-Germain FC
2026-11-16,欧冠,Juventus FC,Atlético de Madrid
2026-11-21,日职,Nagoya Grampus,Sanfrecce Hiroshima
2026-11-21,日职,Gamba Osaka,Sanfrecce Hiroshima
2026-11-21,日职,Nagoya Grampus,Avispa Fukuoka
2026-11-21,日职,Cerezo Osaka,Kashima Antlers
2026-11-21,日职,Kyoto Sanga,Cerezo Osaka
2026-11-21,日职,Avispa Fukuoka,Sanfrecce Hiroshima
2026-11-21,日职,Shonan Bellmare,Yokohama F. Marinos
2026-11-21,欧冠,RB Leipzig,Paris Saint-Germain FC
2026-11-21,欧冠,Chelsea FC,Benfica
2026-11-21,欧冠,Chelsea FC,RB Leipzig
2026-11-21,欧冠,Chelsea FC,Napoli
2026-11-21,欧冠,Celtic FC,Bayern München
2026-11-21,欧冠,PSV Eindhoven,Manchester City FC
2026-11-21,欧冠,AC Milan,Napoli
2026-11-21,荷甲,Heracles Almelo,FC Twente
2026-11-21,荷甲,AZ Alkmaar,FC Twente
2026-11-21,荷甲,Heracles Almelo,Go Ahead Eagles
2026-11-21,荷甲,FC Twente,RKC Waalwijk
2026-11-21,荷甲,Sparta Rotterdam,Fortuna Sittard
2026-11-21,荷甲,Go Ahead Eagles,Feyenoord
2026-11-21,荷甲,RKC Waalwijk,Fortuna Sittard
2026-11-21,葡超,Chaves,Vitória SC
2026-11-21,葡超,SC Braga,Vitória SC
2026-11-21,葡超,Chaves,Gil Vicente FC
2026-11-21,葡超,Vitória SC,Vizela
2026-11-21,葡超,Casa Pia AC,Estoril Praia
2026-11-21,葡超,Gil Vicente FC,Sporting CP
2026-11-21,葡超,Vizela,Estoril Praia
2026-11-21,韩职,Daegu FC,Kyoto Sanga
2026-11-21,韩职,FC Seoul,Daejeon Hana Citizen
2026-11-21,韩职,Suwon Samsung Bluewings,Kyoto Sanga
2026-11-21,韩职,Gimcheon Sangmu,FC Seoul
2026-11-21,韩职,Pohang Steelers,Incheon United
2026-11-21,韩职,Daegu FC,FC Seoul
2026-11-21,韩职,Jeju United,Gimcheon Sangmu
2026-11-26,欧冠,Chelsea FC,Real Madrid CF
2026-11-26,欧冠,Celtic FC,Benfica
2026-11-26,欧冠,Porto,Napoli
2026-11-26,欧冠,Feyenoord,Manchester City FC
2026-11-26,欧冠,Napoli,Chelsea FC
2026-11-26,欧冠,Manchester City FC,Napoli
2026-11-26,欧冠,RB Leipzig,Chelsea FC
2026-11-27,荷甲,Volendam FC,Ajax
2026-11-27,荷甲,PEC Zwolle,Ajax
2026-11-27,荷甲,Feyenoord,FC Utrecht
2026-11-27,荷甲,PSV Eindhoven,Almere City FC
2026-11-27,荷甲,Feyenoord,Heracles Almelo
2026-11-27,荷甲,FC Groningen,Go Ahead Eagles
2026-11-27,荷甲,Almere City FC,FC Utrecht
2026-11-27,葡超,Santa Clara,FC Porto
2026-11-27,葡超,Boavista FC,FC Porto
2026-11-27,葡超,Sporting CP,Rio Ave FC
2026-11-27,葡超,SL Benfica,Portimonense
2026-11-27,葡超,Sporting CP,Chaves
2026-11-27,葡超,Arouca,Gil Vicente FC
2026-11-27,葡超,Portimonense,Rio Ave FC
2026-11-30,日职,Yokohama F. Marinos,Kashima Antlers
2026-11-30,日职,Sanfrecce Hiroshima,Sagan Tosu
2026-11-30,日职,Nagoya Grampus,Tokyo Verdy
2026-11-30,日职,Avispa Fukuoka,Cerezo Osaka
2026-11-30,日职,Kashima Antlers,Urawa Red Diamonds
2026-11-30,日职,FC Tokyo,Sanfrecce Hiroshima
2026-11-30,日职,Gamba Osaka,Nagoya Grampus
2026-12-01,欧冠,Paris Saint-Germain FC,Atlético de Madrid
2026-12-01,欧冠,Juventus FC,Feyenoord
2026-12-01,欧冠,FC Barcelona,AC Milan
2026-12-01,欧冠,Manchester City FC,Feyenoord
2026-12-01,欧冠,Juventus FC,Bayern München
2026-12-01,欧冠,FC Barcelona,Benfica
2026-12-01,欧冠,Atlético de Madrid,Juventus FC
2026-12-01,韩职,Gangwon FC,Daegu FC
2026-12-01,韩职,Daejeon Hana Citizen,Seongnam FC
2026-12-01,韩职,Incheon United,Jeonbuk Hyundai Motors
2026-12-01,韩职,Ulsan Hyundai,Suwon Samsung Bluewings
2026-12-01,韩职,Gangwon FC,Seongnam FC
2026-12-01,韩职,Seongnam FC,Kyoto Sanga
2026-12-01,韩职,Gimcheon Sangmu,Pohang Steelers
2026-12-03,荷甲,FC Utrecht,Almere City FC
2026-12-03,荷甲,FC Utrecht,Fortuna Sittard
2026-12-03,荷甲,NEC Nijmegen,Sparta Rotterdam
2026-12-03,荷甲,Almere City FC,Sparta Rotterdam
2026-12-03,荷甲,AZ Alkmaar,Go Ahead Eagles
2026-12-03,荷甲,SC Heerenveen,Go Ahead Eagles
2026-12-03,荷甲,SC Heerenveen,NEC Nijmegen
2026-12-03,葡超,Rio Ave FC,Portimonense
2026-12-03,葡超,Rio Ave FC,Estoril Praia
2026-12-03,葡超,Famalicão,Casa Pia AC
2026-12-03,葡超,Portimonense,Casa Pia AC
2026-12-03,葡超,SC Braga,Gil Vicente FC
2026-12-03,葡超,Estrela da Amadora,Gil Vicente FC
2026-12-03,葡超,Estrela da Amadora,Famalicão
2026-12-06,欧冠,Bayern München,Juventus FC
2026-12-06,欧冠,Benfica,Celtic FC
2026-12-06,欧冠,AC Milan,Porto
2026-12-06,欧冠,Borussia Dortmund,Napoli
2026-12-06,欧冠,Inter Milan,Juventus FC
2026-12-06,欧冠,Borussia Dortmund,Benfica
2026-12-06,欧冠,FC Barcelona,Chelsea FC
2026-12-09,日职,Kawasaki Frontale,Tokyo Verdy
2026-12-09,日职,Kashima Antlers,Tokyo Verdy
2026-12-09,日职,Gamba Osaka,FC Tokyo
2026-12-09,日职,Urawa Red Diamonds,Vissel Kobe
2026-12-09,日职,Nagoya Grampus,Shonan Bellmare
2026-12-09,日职,Sagan Tosu,Gamba Osaka
2026-12-09,日职,Gamba Osaka,Avispa Fukuoka
2026-12-09,荷甲,Ajax,Vitesse Arnhem
2026-12-09,荷甲,Heracles Almelo,Fortuna Sittard
2026-12-09,荷甲,NEC Nijmegen,PEC Zwolle
2026-12-09,荷甲,NEC Nijmegen,Almere City FC
2026-12-09,荷甲,Almere City FC,PSV Eindhoven
2026-12-09,荷甲,Feyenoord,NEC Nijmegen
2026-12-09,荷甲,Vitesse Arnhem,PEC Zwolle
2026-12-09,葡超,FC Porto,Moreirense FC
2026-12-09,葡超,Chaves,Estoril Praia
2026-12-09,葡超,Famalicão,Boavista FC
2026-12-09,葡超,Famalicão,Portimonense
2026-12-09,葡超,Portimonense,SL Benfica
2026-12-09,葡超,Sporting CP,Famalicão
2026-12-09,葡超,Moreirense FC,Boavista FC
2026-12-11,欧冠,Porto,Liverpool FC
2026-12-11,欧冠,Atlético de Madrid,Benfica
2026-12-11,欧冠,Manchester City FC,Juventus FC
2026-12-11,欧冠,Real Madrid CF,Paris Saint-Germain FC
2026-12-11,欧冠,Inter Milan,PSV Eindhoven
2026-12-11,欧冠,PSV Eindhoven,Bayern München
2026-12-11,欧冠,Feyenoord,Porto
2026-12-11,韩职,FC Seoul,Kyoto Sanga
2026-12-11,韩职,FC Seoul,Suwon Samsung Bluewings
2026-12-11,韩职,FC Seoul,Jeju United
2026-12-11,韩职,Pohang Steelers,Jeonbuk Hyundai Motors
2026-12-11,韩职,Gimcheon Sangmu,Daejeon Hana Citizen
2026-12-11,韩职,Jeju United,Gangwon FC
2026-12-11,韩职,FC Seoul,Pohang Steelers
2026-12-15,荷甲,FC Utrecht,NEC Nijmegen
2026-12-15,荷甲,Ajax,AZ Alkmaar
2026-12-15,荷甲,Almere City FC,Volendam FC
2026-12-15,荷甲,Feyenoord,PEC Zwolle
2026-12-15,荷甲,Vitesse Arnhem,FC Utrecht
2026-12-15,荷甲,FC Groningen,SC Heerenveen
2026-12-15,荷甲,FC Twente,Heracles Almelo
2026-12-15,葡超,Rio Ave FC,Famalicão
2026-12-15,葡超,FC Porto,SC Braga
2026-12-15,葡超,Portimonense,Santa Clara
2026-12-15,葡超,Sporting CP,Boavista FC
2026-12-15,葡超,Moreirense FC,Rio Ave FC
2026-12-15,葡超,Arouca,Estrela da Amadora
2026-12-15,葡超,Vitória SC,Chaves
2026-12-16,欧冠,Real Madrid CF,Atlético de Madrid
2026-12-16,欧冠,FC Barcelona,Real Madrid CF
2026-12-16,欧冠,PSV Eindhoven,Juventus FC
2026-12-16,欧冠,Feyenoord,Bayern München
2026-12-16,欧冠,RB Leipzig,Borussia Dortmund
2026-12-16,欧冠,Paris Saint-Germain FC,Bayern München
2026-12-16,欧冠,Arsenal FC,Benfica
2026-12-18,日职,Nagoya Grampus,Gamba Osaka
2026-12-18,日职,Kashima Antlers,FC Tokyo
2026-12-18,日职,Avispa Fukuoka,Nagoya Grampus
2026-12-18,日职,Cerezo Osaka,Kawasaki Frontale
2026-12-18,日职,Tokyo Verdy,Gamba Osaka
2026-12-18,日职,Shonan Bellmare,Nagoya Grampus
2026-12-18,日职,Vissel Kobe,Nagoya Grampus
2026-12-21,欧冠,Juventus FC,Chelsea FC
2026-12-21,欧冠,Manchester City FC,Borussia Dortmund
2026-12-21,欧冠,Napoli,Atlético de Madrid
2026-12-21,欧冠,Feyenoord,Celtic FC
2026-12-21,欧冠,Arsenal FC,RB Leipzig
2026-12-21,欧冠,Real Madrid CF,RB Leipzig
2026-12-21,欧冠,AC Milan,Liverpool FC
2026-12-21,荷甲,Go Ahead Eagles,SC Heerenveen
2026-12-21,荷甲,Volendam FC,Feyenoord
2026-12-21,荷甲,Heracles Almelo,PEC Zwolle
2026-12-21,荷甲,PSV Eindhoven,Fortuna Sittard
2026-12-21,荷甲,RKC Waalwijk,FC Twente
2026-12-21,荷甲,Feyenoord,Go Ahead Eagles
2026-12-21,荷甲,SC Heerenveen,Ajax
2026-12-21,葡超,Gil Vicente FC,Estrela da Amadora
2026-12-21,葡超,Santa Clara,Sporting CP
2026-12-21,葡超,Chaves,Boavista FC
2026-12-21,葡超,SL Benfica,Estoril Praia
2026-12-21,葡超,Vizela,Vitória SC
2026-12-21,葡超,Sporting CP,Gil Vicente FC
2026-12-21,葡超,Estrela da Amadora,FC Porto
2026-12-21,韩职,Suwon Samsung Bluewings,Busan IPark
2026-12-21,韩职,Ulsan Hyundai,FC Seoul
2026-12-21,韩职,Incheon United,Seongnam FC
2026-12-21,韩职,Seongnam FC,Gimcheon Sangmu
2026-12-21,韩职,Gimcheon Sangmu,Jeonbuk Hyundai Motors
2026-12-21,韩职,Kyoto Sanga,Incheon United
2026-12-21,韩职,Seongnam FC,Daejeon Hana Citizen
2026-12-26,欧冠,Liverpool FC,RB Leipzig
2026-12-26,欧冠,Atlético de Madrid,Borussia Dortmund
2026-12-26,欧冠,Napoli,AC Milan
2026-12-26,欧冠,Atlético de Madrid,Chelsea FC
2026-12-26,欧冠,Inter Milan,Paris Saint-Germain FC
2026-12-26,欧冠,Manchester City FC,PSV Eindhoven
2026-12-26,欧冠,Chelsea FC,PSV Eindhoven
2026-12-27,日职,Sanfrecce Hiroshima,Avispa Fukuoka
2026-12-27,日职,FC Tokyo,Urawa Red Diamonds
2026-12-27,日职,Nagoya Grampus,Vissel Kobe
2026-12-27,日职,Cerezo Osaka,Tokyo Verdy
2026-12-27,日职,Sanfrecce Hiroshima,Cerezo Osaka
2026-12-27,日职,FC Tokyo,Avispa Fukuoka
2026-12-27,日职,Urawa Red Diamonds,Avispa Fukuoka
2026-12-27,荷甲,Sparta Rotterdam,FC Twente
2026-12-27,荷甲,Sparta Rotterdam,PSV Eindhoven
2026-12-27,荷甲,FC Twente,Sparta Rotterdam
2026-12-27,荷甲,FC Groningen,Vitesse Arnhem
2026-12-27,荷甲,Ajax,PSV Eindhoven
2026-12-27,荷甲,NEC Nijmegen,RKC Waalwijk
2026-12-27,荷甲,PEC Zwolle,Volendam FC
2026-12-27,葡超,Casa Pia AC,Vitória SC
2026-12-27,葡超,Casa Pia AC,SL Benfica
2026-12-27,葡超,Vitória SC,Casa Pia AC
2026-12-27,葡超,Arouca,Moreirense FC
2026-12-27,葡超,FC Porto,SL Benfica
2026-12-27,葡超,Famalicão,Vizela
2026-12-27,葡超,Boavista FC,Santa Clara
2026-12-31,欧冠,Napoli,Porto
2026-12-31,欧冠,Arsenal FC,Celtic FC
2026-12-31,欧冠,RB Leipzig,Arsenal FC
2026-12-31,欧冠,FC Barcelona,Atlético de Madrid
2026-12-31,欧冠,Borussia Dortmund,PSV Eindhoven
2026-12-31,欧冠,Juventus FC,AC Milan
2026-12-31,欧冠,RB Leipzig,Inter Milan
2026-12-31,韩职,Daegu FC,Seongnam FC
2026-12-31,韩职,Kyoto Sanga,Seongnam FC
2026-12-31,韩职,Jeju United,Suwon Samsung Bluewings
2026-12-31,韩职,Gimcheon Sangmu,Suwon Samsung Bluewings
2026-12-31,韩职,Suwon Samsung Bluewings,Incheon United
2026-12-31,韩职,Gimcheon Sangmu,Busan IPark
2026-12-31,韩职,Daegu FC,Incheon United
2027-01-02,荷甲,FC Groningen,Volendam FC
2027-01-02,荷甲,Sparta Rotterdam,Feyenoord
2027-01-02,荷甲,Fortuna Sittard,FC Groningen
2027-01-02,荷甲,FC Groningen,Feyenoord
2027-01-02,荷甲,SC Heerenveen,Sparta Rotterdam
2027-01-02,荷甲,Vitesse Arnhem,SC Heerenveen
2027-01-02,荷甲,Almere City FC,Ajax
2027-01-02,葡超,Arouca,Santa Clara
2027-01-02,葡超,Casa Pia AC,Sporting CP
2027-01-02,葡超,Estoril Praia,Arouca
2027-01-02,葡超,Arouca,Sporting CP
2027-01-02,葡超,Estrela da Amadora,Casa Pia AC
2027-01-02,葡超,Moreirense FC,Estrela da Amadora
2027-01-02,葡超,Portimonense,FC Porto
2027-01-05,日职,Kyoto Sanga,Yokohama F. Marinos
2027-01-05,日职,Avispa Fukuoka,Shonan Bellmare
2027-01-05,日职,Kashima Antlers,Gamba Osaka
2027-01-05,日职,Sagan Tosu,Kawasaki Frontale
2027-01-05,日职,Avispa Fukuoka,Tokyo Verdy
2027-01-05,日职,Nagoya Grampus,Cerezo Osaka
2027-01-05,日职,Yokohama F. Marinos,Vissel Kobe
2027-01-05,欧冠,Benfica,AC Milan
2027-01-05,欧冠,FC Barcelona,Bayern München
2027-01-05,欧冠,PSV Eindhoven,Celtic FC
2027-01-05,欧冠,Atlético de Madrid,Liverpool FC
2027-01-05,欧冠,Bayern München,Celtic FC
2027-01-05,欧冠,Feyenoord,Inter Milan
2027-01-05,欧冠,Porto,Juventus FC
2027-01-08,荷甲,Ajax,Feyenoord
2027-01-08,荷甲,FC Groningen,FC Twente
2027-01-08,荷甲,PSV Eindhoven,Volendam FC
2027-01-08,荷甲,FC Groningen,PEC Zwolle
2027-01-08,荷甲,RKC Waalwijk,FC Groningen
2027-01-08,荷甲,FC Utrecht,RKC Waalwijk
2027-01-08,荷甲,Go Ahead Eagles,FC Groningen
2027-01-08,葡超,FC Porto,Sporting CP
2027-01-08,葡超,Arouca,Vitória SC
2027-01-08,葡超,SL Benfica,Santa Clara
2027-01-08,葡超,Arouca,Boavista FC
2027-01-08,葡超,Vizela,Arouca
2027-01-08,葡超,Rio Ave FC,Vizela
2027-01-08,葡超,Gil Vicente FC,Arouca
2027-01-10,欧冠,Borussia Dortmund,Juventus FC
2027-01-10,欧冠,Feyenoord,Atlético de Madrid
2027-01-10,欧冠,Atlético de Madrid,Porto
2027-01-10,欧冠,Borussia Dortmund,Real Madrid CF
2027-01-10,欧冠,Liverpool FC,Arsenal FC
2027-01-10,欧冠,Benfica,Paris Saint-Germain FC
2027-01-10,欧冠,Napoli,Real Madrid CF
2027-01-10,韩职,Busan IPark,Gangwon FC
2027-01-10,韩职,Incheon United,Jeju United
2027-01-10,韩职,Pohang Steelers,Seongnam FC
2027-01-10,韩职,Busan IPark,Ulsan Hyundai
2027-01-10,韩职,Incheon United,Gimcheon Sangmu
2027-01-10,韩职,Gangwon FC,FC Seoul
2027-01-10,韩职,Incheon United,Ulsan Hyundai
2027-01-14,日职,FC Tokyo,Cerezo Osaka
2027-01-14,日职,Urawa Red Diamonds,Kawasaki Frontale
2027-01-14,日职,Shonan Bellmare,Avispa Fukuoka
2027-01-14,日职,Kyoto Sanga,Vissel Kobe
2027-01-14,日职,Vissel Kobe,Kyoto Sanga
2027-01-14,日职,Shonan Bellmare,Sanfrecce Hiroshima
2027-01-14,日职,Gamba Osaka,Shonan Bellmare
2027-01-14,荷甲,Almere City FC,Fortuna Sittard
2027-01-14,荷甲,Heracles Almelo,Sparta Rotterdam
2027-01-14,荷甲,FC Utrecht,Sparta Rotterdam
2027-01-14,荷甲,AZ Alkmaar,Fortuna Sittard
2027-01-14,荷甲,Fortuna Sittard,Volendam FC
2027-01-14,荷甲,FC Utrecht,PEC Zwolle
2027-01-14,荷甲,FC Twente,PSV Eindhoven
2027-01-14,葡超,Portimonense,Estoril Praia
2027-01-14,葡超,Chaves,Casa Pia AC
2027-01-14,葡超,Rio Ave FC,Casa Pia AC
2027-01-14,葡超,SC Braga,Estoril Praia
2027-01-14,葡超,Estoril Praia,Santa Clara
2027-01-14,葡超,Rio Ave FC,Boavista FC
2027-01-14,葡超,Vitória SC,SL Benfica
2027-01-15,欧冠,Real Madrid CF,Napoli
2027-01-15,欧冠,AC Milan,Bayern München
2027-01-15,欧冠,Napoli,Inter Milan
2027-01-15,欧冠,Real Madrid CF,Juventus FC
2027-01-15,欧冠,Chelsea FC,FC Barcelona
2027-01-15,欧冠,Juventus FC,PSV Eindhoven
2027-01-15,欧冠,Inter Milan,Napoli
2027-01-20,欧冠,Manchester City FC,Arsenal FC
2027-01-20,欧冠,AC Milan,Celtic FC
2027-01-20,欧冠,Real Madrid CF,Liverpool FC
2027-01-20,欧冠,Porto,Benfica
2027-01-20,欧冠,Manchester City FC,AC Milan
2027-01-20,欧冠,Napoli,Bayern München
2027-01-20,欧冠,RB Leipzig,AC Milan
2027-01-20,荷甲,Ajax,Almere City FC
2027-01-20,荷甲,RKC Waalwijk,Volendam FC
2027-01-20,荷甲,SC Heerenveen,Fortuna Sittard
2027-01-20,荷甲,FC Twente,Vitesse Arnhem
2027-01-20,荷甲,FC Twente,Go Ahead Eagles
2027-01-20,荷甲,Vitesse Arnhem,RKC Waalwijk
2027-01-20,荷甲,Fortuna Sittard,Go Ahead Eagles
2027-01-20,葡超,FC Porto,Portimonense
2027-01-20,葡超,Vizela,Santa Clara
2027-01-20,葡超,Estrela da Amadora,Estoril Praia
2027-01-20,葡超,Vitória SC,Moreirense FC
2027-01-20,葡超,Vitória SC,Gil Vicente FC
2027-01-20,葡超,Moreirense FC,Vizela
2027-01-20,葡超,Estoril Praia,Gil Vicente FC
2027-01-20,韩职,FC Seoul,Gimcheon Sangmu
2027-01-20,韩职,Seongnam FC,Daegu FC
2027-01-20,韩职,Seongnam FC,FC Seoul
2027-01-20,韩职,Jeonbuk Hyundai Motors,Gangwon FC
2027-01-20,韩职,Suwon Samsung Bluewings,FC Seoul
2027-01-20,韩职,Daegu FC,Suwon Samsung Bluewings
2027-01-20,韩职,Busan IPark,Jeonbuk Hyundai Motors
2027-01-23,日职,Shonan Bellmare,Kashima Antlers
2027-01-23,日职,Sagan Tosu,Kyoto Sanga
2027-01-23,日职,Sanfrecce Hiroshima,Shonan Bellmare
2027-01-23,日职,Tokyo Verdy,FC Tokyo
2027-01-23,日职,Gamba Osaka,Vissel Kobe
2027-01-23,日职,Sanfrecce Hiroshima,Gamba Osaka
2027-01-23,日职,Kawasaki Frontale,Gamba Osaka
2027-01-25,欧冠,PSV Eindhoven,Benfica
2027-01-25,欧冠,AC Milan,Inter Milan
2027-01-25,欧冠,Benfica,Atlético de Madrid
2027-01-25,欧冠,Liverpool FC,FC Barcelona
2027-01-25,欧冠,Benfica,Feyenoord
2027-01-25,欧冠,Chelsea FC,Manchester City FC
2027-01-25,欧冠,Manchester City FC,FC Barcelona
2027-01-26,荷甲,Feyenoord,RKC Waalwijk
2027-01-26,荷甲,FC Groningen,Sparta Rotterdam
2027-01-26,荷甲,Go Ahead Eagles,Almere City FC
2027-01-26,荷甲,Fortuna Sittard,AZ Alkmaar
2027-01-26,荷甲,Volendam FC,FC Twente
2027-01-26,荷甲,Volendam FC,Fortuna Sittard
2027-01-26,荷甲,PEC Zwolle,FC Twente
2027-01-26,葡超,Sporting CP,Vizela
2027-01-26,葡超,Arouca,Casa Pia AC
2027-01-26,葡超,Gil Vicente FC,Portimonense
2027-01-26,葡超,Estoril Praia,SC Braga
2027-01-26,葡超,Santa Clara,Vitória SC
2027-01-26,葡超,Santa Clara,Estoril Praia
2027-01-26,葡超,Boavista FC,Vitória SC
2027-01-30,欧冠,FC Barcelona,Juventus FC
2027-01-30,欧冠,Arsenal FC,Bayern München
2027-01-30,欧冠,Arsenal FC,AC Milan
2027-01-30,欧冠,RB Leipzig,Bayern München
2027-01-30,欧冠,Porto,Inter Milan
2027-01-30,欧冠,Manchester City FC,Bayern München
2027-01-30,欧冠,Bayern München,Porto
2027-01-30,韩职,Seongnam FC,Jeonbuk Hyundai Motors
2027-01-30,韩职,Suwon Samsung Bluewings,Gangwon FC
2027-01-30,韩职,Jeonbuk Hyundai Motors,Seongnam FC
2027-01-30,韩职,Jeju United,Seongnam FC
2027-01-30,韩职,Kyoto Sanga,FC Seoul
2027-01-30,韩职,Daegu FC,Gangwon FC
2027-01-30,韩职,Daejeon Hana Citizen,Suwon Samsung Bluewings
2027-02-01,日职,Kawasaki Frontale,Avispa Fukuoka
2027-02-01,日职,Cerezo Osaka,Kyoto Sanga
2027-02-01,日职,Gamba Osaka,Kyoto Sanga
2027-02-01,日职,Avispa Fukuoka,Sagan Tosu
2027-02-01,日职,Sanfrecce Hiroshima,Kawasaki Frontale
2027-02-01,日职,Yokohama F. Marinos,Shonan Bellmare
2027-02-01,日职,Urawa Red Diamonds,Shonan Bellmare
2027-02-01,荷甲,SC Heerenveen,FC Twente
2027-02-01,荷甲,Vitesse Arnhem,Almere City FC
2027-02-01,荷甲,PEC Zwolle,Heracles Almelo
2027-02-01,荷甲,FC Groningen,RKC Waalwijk
2027-02-01,荷甲,AZ Alkmaar,Feyenoord
2027-02-01,荷甲,PSV Eindhoven,AZ Alkmaar
2027-02-01,荷甲,SC Heerenveen,AZ Alkmaar
2027-02-01,葡超,Estrela da Amadora,Vitória SC
2027-02-01,葡超,Moreirense FC,Portimonense
2027-02-01,葡超,Boavista FC,Chaves
2027-02-01,葡超,Arouca,Vizela
2027-02-01,葡超,SC Braga,Sporting CP
2027-02-01,葡超,SL Benfica,SC Braga
2027-02-01,葡超,Estrela da Amadora,SC Braga
2027-02-04,欧冠,Inter Milan,Celtic FC
2027-02-04,欧冠,Benfica,Real Madrid CF
2027-02-04,欧冠,Benfica,Liverpool FC
2027-02-04,欧冠,Paris Saint-Germain FC,FC Barcelona
2027-02-04,欧冠,Benfica,Juventus FC
2027-02-04,欧冠,Chelsea FC,Juventus FC
2027-02-04,欧冠,RB Leipzig,FC Barcelona
2027-02-07,荷甲,FC Utrecht,FC Groningen
2027-02-07,荷甲,FC Groningen,Almere City FC
2027-02-07,荷甲,Vitesse Arnhem,FC Twente
2027-02-07,荷甲,SC Heerenveen,FC Utrecht
2027-02-07,荷甲,Sparta Rotterdam,Heracles Almelo
2027-02-07,荷甲,Sparta Rotterdam,SC Heerenveen
2027-02-07,荷甲,SC Heerenveen,PEC Zwolle
2027-02-07,葡超,Rio Ave FC,Arouca
2027-02-07,葡超,Arouca,Portimonense
2027-02-07,葡超,Moreirense FC,Vitória SC
2027-02-07,葡超,Estrela da Amadora,Rio Ave FC
2027-02-07,葡超,Casa Pia AC,Chaves
2027-02-07,葡超,Casa Pia AC,Estrela da Amadora
2027-02-07,葡超,Estrela da Amadora,Boavista FC
2027-02-09,欧冠,AC Milan,RB Leipzig
2027-02-09,欧冠,AC Milan,Juventus FC
2027-02-09,欧冠,Paris Saint-Germain FC,Chelsea FC
2027-02-09,欧冠,Real Madrid CF,FC Barcelona
2027-02-09,欧冠,Napoli,PSV Eindhoven
2027-02-09,欧冠,Arsenal FC,Chelsea FC
2027-02-09,欧冠,PSV Eindhoven,Porto
2027-02-09,韩职,Jeonbuk Hyundai Motors,Daejeon Hana Citizen
2027-02-09,韩职,Ulsan Hyundai,Daegu FC
2027-02-09,韩职,Incheon United,Gangwon FC
2027-02-09,韩职,FC Seoul,Jeonbuk Hyundai Motors
2027-02-09,韩职,Daejeon Hana Citizen,Jeju United
2027-02-09,韩职,Ulsan Hyundai,Gangwon FC
2027-02-09,韩职,Daegu FC,Jeonbuk Hyundai Motors
2027-02-10,日职,Kyoto Sanga,Kawasaki Frontale
2027-02-10,日职,Vissel Kobe,Shonan Bellmare
2027-02-10,日职,Vissel Kobe,Avispa Fukuoka
2027-02-10,日职,Kashima Antlers,Kawasaki Frontale
2027-02-10,日职,Tokyo Verdy,Vissel Kobe
2027-02-10,日职,Cerezo Osaka,Sagan Tosu
2027-02-10,日职,Kashima Antlers,Shonan Bellmare
2027-02-13,荷甲,Almere City FC,FC Twente
2027-02-13,荷甲,PSV Eindhoven,Heracles Almelo
2027-02-13,荷甲,Almere City FC,SC Heerenveen
2027-02-13,荷甲,PEC Zwolle,NEC Nijmegen
2027-02-13,荷甲,AZ Alkmaar,Sparta Rotterdam
2027-02-13,荷甲,Feyenoord,Fortuna Sittard
2027-02-13,荷甲,Sparta Rotterdam,FC Groningen
2027-02-13,葡超,Portimonense,Vitória SC
2027-02-13,葡超,SL Benfica,Chaves
2027-02-13,葡超,Portimonense,Estrela da Amadora
2027-02-13,葡超,Boavista FC,Famalicão
2027-02-13,葡超,SC Braga,Casa Pia AC
2027-02-13,葡超,Sporting CP,Estoril Praia
2027-02-13,葡超,Casa Pia AC,Arouca
2027-02-14,欧冠,Liverpool FC,Manchester City FC
2027-02-14,欧冠,Arsenal FC,Atlético de Madrid
2027-02-14,欧冠,PSV Eindhoven,Atlético de Madrid
2027-02-14,欧冠,Bayern München,PSV Eindhoven
2027-02-14,欧冠,Paris Saint-Germain FC,Celtic FC
2027-02-14,欧冠,FC Barcelona,PSV Eindhoven
2027-02-14,欧冠,Paris Saint-Germain FC,PSV Eindhoven
2027-02-19,日职,FC Tokyo,Sagan Tosu
2027-02-19,日职,Sagan Tosu,Yokohama F. Marinos
2027-02-19,日职,Tokyo Verdy,Avispa Fukuoka
2027-02-19,日职,Kyoto Sanga,Nagoya Grampus
2027-02-19,日职,Urawa Red Diamonds,Sagan Tosu
2027-02-19,日职,Urawa Red Diamonds,Gamba Osaka
2027-02-19,日职,FC Tokyo,Shonan Bellmare
2027-02-19,欧冠,Borussia Dortmund,Celtic FC
2027-02-19,欧冠,AC Milan,Borussia Dortmund
2027-02-19,欧冠,Feyenoord,RB Leipzig
2027-02-19,欧冠,FC Barcelona,Arsenal FC
2027-02-19,欧冠,Liverpool FC,Real Madrid CF
2027-02-19,欧冠,Liverpool FC,Benfica
2027-02-19,欧冠,Porto,AC Milan
2027-02-19,荷甲,Ajax,FC Utrecht
2027-02-19,荷甲,Sparta Rotterdam,Almere City FC
2027-02-19,荷甲,PSV Eindhoven,SC Heerenveen
2027-02-19,荷甲,Ajax,Go Ahead Eagles
2027-02-19,荷甲,Sparta Rotterdam,NEC Nijmegen
2027-02-19,荷甲,Sparta Rotterdam,Go Ahead Eagles
2027-02-19,荷甲,Volendam FC,Sparta Rotterdam
2027-02-19,葡超,FC Porto,Rio Ave FC
2027-02-19,葡超,Casa Pia AC,Portimonense
2027-02-19,葡超,SL Benfica,Estrela da Amadora
2027-02-19,葡超,FC Porto,Gil Vicente FC
2027-02-19,葡超,Casa Pia AC,Famalicão
2027-02-19,葡超,Casa Pia AC,Gil Vicente FC
2027-02-19,葡超,Santa Clara,Casa Pia AC
2027-02-19,韩职,Jeju United,Kyoto Sanga
2027-02-19,韩职,Pohang Steelers,Daegu FC
2027-02-19,韩职,Seongnam FC,Gangwon FC
2027-02-19,韩职,Gimcheon Sangmu,Ulsan Hyundai
2027-02-19,韩职,Daejeon Hana Citizen,Jeonbuk Hyundai Motors
2027-02-19,韩职,Jeju United,Incheon United
2027-02-19,韩职,Incheon United,FC Seoul
2027-02-24,欧冠,Feyenoord,Paris Saint-Germain FC
2027-02-24,欧冠,Celtic FC,Paris Saint-Germain FC
2027-02-24,欧冠,Real Madrid CF,PSV Eindhoven
2027-02-24,欧冠,Feyenoord,Chelsea FC
2027-02-24,欧冠,Chelsea FC,Celtic FC
2027-02-24,欧冠,Manchester City FC,Paris Saint-Germain FC
2027-02-24,欧冠,FC Barcelona,Napoli
2027-02-25,荷甲,PEC Zwolle,Feyenoord
2027-02-25,荷甲,Sparta Rotterdam,Vitesse Arnhem
2027-02-25,荷甲,PSV Eindhoven,FC Groningen
2027-02-25,荷甲,FC Groningen,Heracles Almelo
2027-02-25,荷甲,PEC Zwolle,SC Heerenveen
2027-02-25,荷甲,Heracles Almelo,FC Utrecht
2027-02-25,荷甲,FC Twente,Feyenoord
2027-02-25,葡超,Boavista FC,Sporting CP
2027-02-25,葡超,Casa Pia AC,Moreirense FC
2027-02-25,葡超,SL Benfica,Arouca
2027-02-25,葡超,Arouca,Chaves
2027-02-25,葡超,Boavista FC,Estrela da Amadora
2027-02-25,葡超,Chaves,Rio Ave FC
2027-02-25,葡超,Vitória SC,Sporting CP
2027-02-28,日职,Sanfrecce Hiroshima,Yokohama F. Marinos
2027-02-28,日职,Avispa Fukuoka,Kawasaki Frontale
2027-02-28,日职,Tokyo Verdy,Nagoya Grampus
2027-02-28,日职,Vissel Kobe,Tokyo Verdy
2027-02-28,日职,Sagan Tosu,Urawa Red Diamonds
2027-02-28,日职,Kashima Antlers,Nagoya Grampus
2027-02-28,日职,Yokohama F. Marinos,Tokyo Verdy
2027-03-01,欧冠,Real Madrid CF,Chelsea FC
2027-03-01,欧冠,FC Barcelona,Inter Milan
2027-03-01,欧冠,Juventus FC,Napoli
2027-03-01,欧冠,Juventus FC,Porto
2027-03-01,欧冠,FC Barcelona,Feyenoord
2027-03-01,欧冠,Napoli,Celtic FC
2027-03-01,欧冠,Celtic FC,Napoli
2027-03-01,韩职,Ulsan Hyundai,Busan IPark
2027-03-01,韩职,Jeju United,Daegu FC
2027-03-01,韩职,Jeju United,Jeonbuk Hyundai Motors
2027-03-01,韩职,Gimcheon Sangmu,Incheon United
2027-03-01,韩职,Gangwon FC,Ulsan Hyundai
2027-03-01,韩职,Busan IPark,Pohang Steelers
2027-03-01,韩职,FC Seoul,Seongnam FC
2027-03-03,荷甲,NEC Nijmegen,Volendam FC
2027-03-03,荷甲,AZ Alkmaar,Almere City FC
2027-03-03,荷甲,NEC Nijmegen,SC Heerenveen
2027-03-03,荷甲,PSV Eindhoven,RKC Waalwijk
2027-03-03,荷甲,Vitesse Arnhem,FC Groningen
2027-03-03,荷甲,FC Twente,PEC Zwolle
2027-03-03,荷甲,Vitesse Arnhem,PSV Eindhoven
2027-03-03,葡超,Famalicão,Santa Clara
2027-03-03,葡超,SC Braga,Portimonense
2027-03-03,葡超,Famalicão,Estrela da Amadora
2027-03-03,葡超,SL Benfica,Vizela
2027-03-03,葡超,Moreirense FC,Arouca
2027-03-03,葡超,Vitória SC,Boavista FC
2027-03-03,葡超,Moreirense FC,SL Benfica
2027-03-06,欧冠,Inter Milan,Atlético de Madrid
2027-03-06,欧冠,PSV Eindhoven,Inter Milan
2027-03-06,欧冠,Liverpool FC,PSV Eindhoven
2027-03-06,欧冠,Arsenal FC,Borussia Dortmund
2027-03-06,欧冠,Liverpool FC,Chelsea FC
2027-03-06,欧冠,Celtic FC,RB Leipzig
2027-03-06,欧冠,Arsenal FC,Feyenoord
2027-03-09,日职,Vissel Kobe,Sagan Tosu
2027-03-09,日职,Vissel Kobe,Kawasaki Frontale
2027-03-09,日职,Kyoto Sanga,Gamba Osaka
2027-03-09,日职,Sagan Tosu,Cerezo Osaka
2027-03-09,日职,Nagoya Grampus,Yokohama F. Marinos
2027-03-09,日职,Sanfrecce Hiroshima,Urawa Red Diamonds
2027-03-09,日职,Sagan Tosu,Sanfrecce Hiroshima
2027-03-09,荷甲,Almere City FC,NEC Nijmegen
2027-03-09,荷甲,Go Ahead Eagles,FC Utrecht
2027-03-09,荷甲,Ajax,Fortuna Sittard
2027-03-09,荷甲,FC Groningen,FC Utrecht
2027-03-09,荷甲,Heracles Almelo,SC Heerenveen
2027-03-09,荷甲,NEC Nijmegen,Vitesse Arnhem
2027-03-09,荷甲,Feyenoord,FC Twente
2027-03-09,葡超,Portimonense,Famalicão
2027-03-09,葡超,Gil Vicente FC,Rio Ave FC
2027-03-09,葡超,FC Porto,Estoril Praia
2027-03-09,葡超,Arouca,Rio Ave FC
2027-03-09,葡超,Chaves,Estrela da Amadora
2027-03-09,葡超,Famalicão,Moreirense FC
2027-03-09,葡超,Sporting CP,Vitória SC
2027-03-11,欧冠,Celtic FC,FC Barcelona
2027-03-11,欧冠,AC Milan,Chelsea FC
2027-03-11,欧冠,Inter Milan,Borussia Dortmund
2027-03-11,欧冠,Arsenal FC,Juventus FC
2027-03-11,欧冠,Borussia Dortmund,Feyenoord
2027-03-11,欧冠,Atlético de Madrid,Napoli
2027-03-11,欧冠,Liverpool FC,Bayern München
2027-03-11,韩职,Daejeon Hana Citizen,FC Seoul
2027-03-11,韩职,Ulsan Hyundai,Daejeon Hana Citizen
2027-03-11,韩职,Daegu FC,Jeju United
2027-03-11,韩职,Gimcheon Sangmu,Seongnam FC
2027-03-11,韩职,Suwon Samsung Bluewings,Daejeon Hana Citizen
2027-03-11,韩职,FC Seoul,Busan IPark
2027-03-11,韩职,Busan IPark,Gimcheon Sangmu
2027-03-15,荷甲,RKC Waalwijk,FC Utrecht
2027-03-15,荷甲,PEC Zwolle,PSV Eindhoven
2027-03-15,荷甲,Feyenoord,Almere City FC
2027-03-15,荷甲,Feyenoord,Volendam FC
2027-03-15,荷甲,FC Utrecht,PSV Eindhoven
2027-03-15,荷甲,RKC Waalwijk,Feyenoord
2027-03-15,荷甲,RKC Waalwijk,Sparta Rotterdam
2027-03-15,葡超,Vizela,Rio Ave FC
2027-03-15,葡超,Boavista FC,SL Benfica
2027-03-15,葡超,Sporting CP,Portimonense
2027-03-15,葡超,Sporting CP,Santa Clara
2027-03-15,葡超,Rio Ave FC,SL Benfica
2027-03-15,葡超,Vizela,Sporting CP
2027-03-15,葡超,Vizela,Casa Pia AC
2027-03-16,欧冠,PSV Eindhoven,Real Madrid CF
2027-03-16,欧冠,Feyenoord,Liverpool FC
2027-03-16,欧冠,Atlético de Madrid,Inter Milan
2027-03-16,欧冠,Porto,Bayern München
2027-03-16,欧冠,Porto,Celtic FC
2027-03-16,欧冠,Juventus FC,Liverpool FC
2027-03-16,欧冠,Real Madrid CF,Porto
2027-03-18,日职,Vissel Kobe,Sanfrecce Hiroshima
2027-03-18,日职,Shonan Bellmare,Vissel Kobe
2027-03-18,日职,Yokohama F. Marinos,Sagan Tosu
2027-03-18,日职,Sagan Tosu,Vissel Kobe
2027-03-18,日职,Tokyo Verdy,Shonan Bellmare
2027-03-18,日职,Tokyo Verdy,Sagan Tosu
2027-03-18,日职,Vissel Kobe,Kashima Antlers
2027-03-21,欧冠,Bayern München,Feyenoord
2027-03-21,欧冠,RB Leipzig,Benfica
2027-03-21,欧冠,PSV Eindhoven,Borussia Dortmund
2027-03-21,欧冠,Liverpool FC,Celtic FC
2027-03-21,欧冠,Benfica,Napoli
2027-03-21,欧冠,AC Milan,Benfica
2027-03-21,欧冠,Feyenoord,Arsenal FC
2027-03-21,荷甲,FC Utrecht,Heracles Almelo
2027-03-21,荷甲,Fortuna Sittard,SC Heerenveen
2027-03-21,荷甲,Almere City FC,RKC Waalwijk
2027-03-21,荷甲,FC Twente,AZ Alkmaar
2027-03-21,荷甲,FC Groningen,Ajax
2027-03-21,荷甲,PEC Zwolle,Go Ahead Eagles
2027-03-21,荷甲,SC Heerenveen,PSV Eindhoven
2027-03-21,葡超,Rio Ave FC,Chaves
2027-03-21,葡超,Estoril Praia,Estrela da Amadora
2027-03-21,葡超,Portimonense,Vizela
2027-03-21,葡超,Vitória SC,SC Braga
2027-03-21,葡超,Arouca,FC Porto
2027-03-21,葡超,Boavista FC,Gil Vicente FC
2027-03-21,葡超,Estrela da Amadora,SL Benfica
2027-03-21,韩职,Kyoto Sanga,Jeonbuk Hyundai Motors
2027-03-21,韩职,Gimcheon Sangmu,Kyoto Sanga
2027-03-21,韩职,Busan IPark,FC Seoul
2027-03-21,韩职,Daejeon Hana Citizen,Gimcheon Sangmu
2027-03-21,韩职,Jeonbuk Hyundai Motors,Gimcheon Sangmu
2027-03-21,韩职,Jeonbuk Hyundai Motors,Ulsan Hyundai
2027-03-21,韩职,Daejeon Hana Citizen,Pohang Steelers
2027-03-26,欧冠,Feyenoord,PSV Eindhoven
2027-03-26,欧冠,Napoli,Borussia Dortmund
2027-03-26,欧冠,Borussia Dortmund,Manchester City FC
2027-03-26,欧冠,Real Madrid CF,Celtic FC
2027-03-26,欧冠,Liverpool FC,Feyenoord
2027-03-26,欧冠,Celtic FC,Manchester City FC
2027-03-26,欧冠,Napoli,Paris Saint-Germain FC
2027-03-27,日职,Shonan Bellmare,Tokyo Verdy
2027-03-27,日职,FC Tokyo,Kawasaki Frontale
2027-03-27,日职,Avispa Fukuoka,Kashima Antlers
2027-03-27,日职,Kashima Antlers,Vissel Kobe
2027-03-27,日职,Shonan Bellmare,Sagan Tosu
2027-03-27,日职,Kawasaki Frontale,Kashima Antlers
2027-03-27,日职,Kawasaki Frontale,Yokohama F. Marinos
2027-03-27,荷甲,Go Ahead Eagles,Fortuna Sittard
2027-03-27,荷甲,Ajax,PEC Zwolle
2027-03-27,荷甲,Fortuna Sittard,Heracles Almelo
2027-03-27,荷甲,FC Twente,Volendam FC
2027-03-27,荷甲,AZ Alkmaar,SC Heerenveen
2027-03-27,荷甲,Heracles Almelo,Ajax
2027-03-27,荷甲,Feyenoord,PSV Eindhoven
2027-03-27,葡超,Gil Vicente FC,Estoril Praia
2027-03-27,葡超,FC Porto,Boavista FC
2027-03-27,葡超,Estoril Praia,Chaves
2027-03-27,葡超,Vitória SC,Santa Clara
2027-03-27,葡超,SC Braga,Estrela da Amadora
2027-03-27,葡超,Chaves,FC Porto
2027-03-27,葡超,Sporting CP,SL Benfica
2027-03-31,欧冠,Porto,Paris Saint-Germain FC
2027-03-31,欧冠,AC Milan,Manchester City FC
2027-03-31,欧冠,Paris Saint-Germain FC,Benfica
2027-03-31,欧冠,AC Milan,Arsenal FC
2027-03-31,欧冠,PSV Eindhoven,Chelsea FC
2027-03-31,欧冠,Benfica,Chelsea FC
2027-03-31,欧冠,Juventus FC,FC Barcelona
2027-03-31,韩职,Daegu FC,Daejeon Hana Citizen
2027-03-31,韩职,Incheon United,Kyoto Sanga
2027-03-31,韩职,Pohang Steelers,Gangwon FC
2027-03-31,韩职,Seongnam FC,Jeju United
2027-03-31,韩职,Suwon Samsung Bluewings,Seongnam FC
2027-03-31,韩职,Pohang Steelers,FC Seoul
2027-03-31,韩职,Gimcheon Sangmu,Daegu FC
2027-04-02,荷甲,AZ Alkmaar,FC Utrecht
2027-04-02,荷甲,Heracles Almelo,Vitesse Arnhem
2027-04-02,荷甲,FC Utrecht,Vitesse Arnhem
2027-04-02,荷甲,PSV Eindhoven,FC Utrecht
2027-04-02,荷甲,RKC Waalwijk,Vitesse Arnhem
2027-04-02,荷甲,RKC Waalwijk,PSV Eindhoven
2027-04-02,荷甲,Fortuna Sittard,NEC Nijmegen
2027-04-02,葡超,SC Braga,Rio Ave FC
2027-04-02,葡超,Chaves,Moreirense FC
2027-04-02,葡超,Rio Ave FC,Moreirense FC
2027-04-02,葡超,SL Benfica,Rio Ave FC
2027-04-02,葡超,Vizela,Moreirense FC
2027-04-02,葡超,Vizela,SL Benfica
2027-04-02,葡超,Estoril Praia,Famalicão
2027-04-05,日职,Tokyo Verdy,Urawa Red Diamonds
2027-04-05,日职,Nagoya Grampus,Sagan Tosu
2027-04-05,日职,Cerezo Osaka,Avispa Fukuoka
2027-04-05,日职,Urawa Red Diamonds,Cerezo Osaka
2027-04-05,日职,Kashima Antlers,Cerezo Osaka
2027-04-05,日职,Kyoto Sanga,Shonan Bellmare
2027-04-05,日职,Kyoto Sanga,Kashima Antlers
2027-04-05,欧冠,Porto,PSV Eindhoven
2027-04-05,欧冠,Arsenal FC,Porto
2027-04-05,欧冠,Bayern München,Borussia Dortmund
2027-04-05,欧冠,Liverpool FC,Juventus FC
2027-04-05,欧冠,Arsenal FC,Real Madrid CF
2027-04-05,欧冠,Feyenoord,Real Madrid CF
2027-04-05,欧冠,Manchester City FC,Porto
2027-04-08,荷甲,Ajax,Heracles Almelo
2027-04-08,荷甲,Fortuna Sittard,FC Twente
2027-04-08,荷甲,Vitesse Arnhem,Go Ahead Eagles
2027-04-08,荷甲,PEC Zwolle,Vitesse Arnhem
2027-04-08,荷甲,NEC Nijmegen,PSV Eindhoven
2027-04-08,荷甲,Vitesse Arnhem,Volendam FC
2027-04-08,荷甲,Volendam FC,FC Groningen
2027-04-08,葡超,FC Porto,Chaves
2027-04-08,葡超,Estoril Praia,Vitória SC
2027-04-08,葡超,Moreirense FC,Gil Vicente FC
2027-04-08,葡超,Boavista FC,Moreirense FC
2027-04-08,葡超,Famalicão,SL Benfica
2027-04-08,葡超,Moreirense FC,Santa Clara
2027-04-08,葡超,Santa Clara,Arouca
2027-04-10,欧冠,Chelsea FC,Atlético de Madrid
2027-04-10,欧冠,Chelsea FC,Paris Saint-Germain FC
2027-04-10,欧冠,Napoli,RB Leipzig
2027-04-10,欧冠,Feyenoord,Napoli
2027-04-10,欧冠,Bayern München,Atlético de Madrid
2027-04-10,欧冠,Borussia Dortmund,RB Leipzig
2027-04-10,欧冠,FC Barcelona,Liverpool FC
2027-04-10,韩职,Daejeon Hana Citizen,Busan IPark
2027-04-10,韩职,Kyoto Sanga,Suwon Samsung Bluewings
2027-04-10,韩职,Kyoto Sanga,Gangwon FC
2027-04-10,韩职,Daegu FC,Pohang Steelers
2027-04-10,韩职,Incheon United,Pohang Steelers
2027-04-10,韩职,Seongnam FC,Ulsan Hyundai
2027-04-10,韩职,Jeju United,Ulsan Hyundai
2027-04-14,日职,FC Tokyo,Kyoto Sanga
2027-04-14,日职,Tokyo Verdy,Sanfrecce Hiroshima
2027-04-14,日职,Kawasaki Frontale,Sagan Tosu
2027-04-14,日职,Sanfrecce Hiroshima,Nagoya Grampus
2027-04-14,日职,Kyoto Sanga,Avispa Fukuoka
2027-04-14,日职,FC Tokyo,Kashima Antlers
2027-04-14,日职,Shonan Bellmare,Gamba Osaka
2027-04-14,荷甲,Volendam FC,SC Heerenveen
2027-04-14,荷甲,FC Utrecht,Volendam FC
2027-04-14,荷甲,AZ Alkmaar,PEC Zwolle
2027-04-14,荷甲,NEC Nijmegen,Feyenoord
2027-04-14,荷甲,Heracles Almelo,RKC Waalwijk
2027-04-14,荷甲,Vitesse Arnhem,Sparta Rotterdam
2027-04-14,荷甲,SC Heerenveen,RKC Waalwijk
2027-04-14,葡超,Santa Clara,Estrela da Amadora
2027-04-14,葡超,Rio Ave FC,Santa Clara
2027-04-14,葡超,SC Braga,Boavista FC
2027-04-14,葡超,Famalicão,Sporting CP
2027-04-14,葡超,Chaves,Vizela
2027-04-14,葡超,Moreirense FC,Casa Pia AC
2027-04-14,葡超,Estrela da Amadora,Vizela
2027-04-15,欧冠,PSV Eindhoven,Paris Saint-Germain FC
2027-04-15,欧冠,Benfica,FC Barcelona
2027-04-15,欧冠,Borussia Dortmund,Arsenal FC
2027-04-15,欧冠,Chelsea FC,AC Milan
2027-04-15,欧冠,Real Madrid CF,Arsenal FC
2027-04-15,欧冠,PSV Eindhoven,Liverpool FC
2027-04-15,欧冠,Arsenal FC,Napoli
2027-04-20,欧冠,Paris Saint-Germain FC,Borussia Dortmund
2027-04-20,欧冠,Arsenal FC,Paris Saint-Germain FC
2027-04-20,欧冠,AC Milan,FC Barcelona
2027-04-20,欧冠,Paris Saint-Germain FC,Feyenoord
2027-04-20,欧冠,Porto,Feyenoord
2027-04-20,欧冠,RB Leipzig,Celtic FC
2027-04-20,欧冠,Paris Saint-Germain FC,AC Milan
2027-04-20,荷甲,Fortuna Sittard,Feyenoord
2027-04-20,荷甲,Feyenoord,Ajax
2027-04-20,荷甲,FC Twente,SC Heerenveen
2027-04-20,荷甲,Almere City FC,Go Ahead Eagles
2027-04-20,荷甲,AZ Alkmaar,Heracles Almelo
2027-04-20,荷甲,Sparta Rotterdam,Volendam FC
2027-04-20,荷甲,SC Heerenveen,Volendam FC
2027-04-20,葡超,Estoril Praia,Sporting CP
2027-04-20,葡超,Sporting CP,FC Porto
2027-04-20,葡超,Vitória SC,Estrela da Amadora
2027-04-20,葡超,Portimonense,Gil Vicente FC
2027-04-20,葡超,SC Braga,Chaves
2027-04-20,葡超,Casa Pia AC,Santa Clara
2027-04-20,葡超,Estrela da Amadora,Santa Clara
2027-04-20,韩职,Ulsan Hyundai,Incheon United
2027-04-20,韩职,Jeju United,Daejeon Hana Citizen
2027-04-20,韩职,Daejeon Hana Citizen,Daegu FC
2027-04-20,韩职,Ulsan Hyundai,Seongnam FC
2027-04-20,韩职,Daejeon Hana Citizen,Gangwon FC
2027-04-20,韩职,Seongnam FC,Suwon Samsung Bluewings
2027-04-20,韩职,Jeonbuk Hyundai Motors,Pohang Steelers
2027-04-23,日职,Gamba Osaka,Urawa Red Diamonds
2027-04-23,日职,Vissel Kobe,Urawa Red Diamonds
2027-04-23,日职,Avispa Fukuoka,Yokohama F. Marinos
2027-04-23,日职,Cerezo Osaka,Yokohama F. Marinos
2027-04-23,日职,Yokohama F. Marinos,Gamba Osaka
2027-04-23,日职,Cerezo Osaka,Sanfrecce Hiroshima
2027-04-23,日职,Sagan Tosu,Nagoya Grampus
2027-04-25,欧冠,Liverpool FC,Paris Saint-Germain FC
2027-04-25,欧冠,Paris Saint-Germain FC,Manchester City FC
2027-04-25,欧冠,Benfica,Porto
2027-04-25,欧冠,Paris Saint-Germain FC,Juventus FC
2027-04-25,欧冠,Celtic FC,Porto
2027-04-25,欧冠,Inter Milan,Manchester City FC
2027-04-25,欧冠,Manchester City FC,Real Madrid CF
2027-04-26,荷甲,Vitesse Arnhem,AZ Alkmaar
2027-04-26,荷甲,SC Heerenveen,FC Groningen
2027-04-26,荷甲,Sparta Rotterdam,Ajax
2027-04-26,荷甲,Fortuna Sittard,Almere City FC
2027-04-26,荷甲,Almere City FC,AZ Alkmaar
2027-04-26,荷甲,PEC Zwolle,AZ Alkmaar
2027-04-26,荷甲,Go Ahead Eagles,PSV Eindhoven
2027-04-26,葡超,Moreirense FC,SC Braga
2027-04-26,葡超,Estrela da Amadora,Arouca
2027-04-26,葡超,Casa Pia AC,FC Porto
2027-04-26,葡超,Estoril Praia,Portimonense
2027-04-26,葡超,Portimonense,SC Braga
2027-04-26,葡超,Boavista FC,SC Braga
2027-04-26,葡超,Gil Vicente FC,SL Benfica
2027-04-30,欧冠,Bayern München,Inter Milan
2027-04-30,欧冠,RB Leipzig,Atlético de Madrid
2027-04-30,欧冠,Atlético de Madrid,AC Milan
2027-04-30,欧冠,Liverpool FC,Inter Milan
2027-04-30,欧冠,Inter Milan,Porto
2027-04-30,欧冠,RB Leipzig,Feyenoord
2027-04-30,欧冠,Arsenal FC,PSV Eindhoven
2027-04-30,韩职,Gangwon FC,Jeonbuk Hyundai Motors
2027-04-30,韩职,Gangwon FC,Pohang Steelers
2027-04-30,韩职,Pohang Steelers,Gimcheon Sangmu
2027-04-30,韩职,Pohang Steelers,Daejeon Hana Citizen
2027-04-30,韩职,Ulsan Hyundai,Jeju United
2027-04-30,韩职,Jeonbuk Hyundai Motors,FC Seoul
2027-04-30,韩职,Suwon Samsung Bluewings,Gimcheon Sangmu
2027-05-02,日职,Yokohama F. Marinos,Avispa Fukuoka
2027-05-02,日职,FC Tokyo,Nagoya Grampus
2027-05-02,日职,Avispa Fukuoka,Kyoto Sanga
2027-05-02,日职,Tokyo Verdy,Kashima Antlers
2027-05-02,日职,Yokohama F. Marinos,Kyoto Sanga
2027-05-02,日职,Sanfrecce Hiroshima,Kyoto Sanga
2027-05-02,日职,Gamba Osaka,Kawasaki Frontale
2027-05-02,荷甲,Go Ahead Eagles,Ajax
2027-05-02,荷甲,Ajax,NEC Nijmegen
2027-05-02,荷甲,Go Ahead Eagles,NEC Nijmegen
2027-05-02,荷甲,PSV Eindhoven,Sparta Rotterdam
2027-05-02,荷甲,SC Heerenveen,Heracles Almelo
2027-05-02,荷甲,PSV Eindhoven,PEC Zwolle
2027-05-02,荷甲,FC Utrecht,Feyenoord
2027-05-02,葡超,Gil Vicente FC,FC Porto
2027-05-02,葡超,FC Porto,Famalicão
2027-05-02,葡超,Gil Vicente FC,Famalicão
2027-05-02,葡超,SL Benfica,Casa Pia AC
2027-05-02,葡超,Estrela da Amadora,Chaves
2027-05-02,葡超,SL Benfica,Boavista FC
2027-05-02,葡超,Rio Ave FC,Sporting CP
2027-05-05,欧冠,RB Leipzig,Manchester City FC
2027-05-05,欧冠,Feyenoord,Borussia Dortmund
2027-05-05,欧冠,AC Milan,Real Madrid CF
2027-05-05,欧冠,Napoli,Arsenal FC
2027-05-05,欧冠,Juventus FC,Benfica
2027-05-05,欧冠,Borussia Dortmund,Liverpool FC
2027-05-05,欧冠,Paris Saint-Germain FC,Liverpool FC
2027-05-08,荷甲,AZ Alkmaar,FC Groningen
2027-05-08,荷甲,FC Utrecht,FC Twente
2027-05-08,荷甲,FC Twente,FC Groningen
2027-05-08,荷甲,Ajax,Sparta Rotterdam
2027-05-08,荷甲,FC Groningen,PSV Eindhoven
2027-05-08,葡超,SC Braga,Arouca
2027-05-08,葡超,Rio Ave FC,Vitória SC
2027-05-08,葡超,Vitória SC,Arouca
2027-05-08,葡超,FC Porto,Casa Pia AC
2027-05-08,葡超,Arouca,SL Benfica
2027-05-10,欧冠,Inter Milan,FC Barcelona
2027-05-10,欧冠,Juventus FC,Real Madrid CF
2027-05-10,欧冠,Real Madrid CF,Borussia Dortmund
2027-05-10,欧冠,Inter Milan,RB Leipzig
2027-05-10,欧冠,Atlético de Madrid,PSV Eindhoven
2027-05-10,欧冠,FC Barcelona,Paris Saint-Germain FC
2027-05-10,欧冠,Benfica,Borussia Dortmund
2027-05-11,日职,Cerezo Osaka,Urawa Red Diamonds
2027-05-11,日职,Urawa Red Diamonds,FC Tokyo
2027-05-11,日职,Urawa Red Diamonds,Tokyo Verdy
2027-05-11,日职,Kyoto Sanga,Sanfrecce Hiroshima
2027-05-11,日职,Yokohama F. Marinos,Cerezo Osaka
2027-05-11,日职,Kawasaki Frontale,Urawa Red Diamonds
2027-05-11,日职,Avispa Fukuoka,FC Tokyo
2027-05-15,欧冠,Chelsea FC,Feyenoord
2027-05-15,欧冠,FC Barcelona,Borussia Dortmund
2027-05-15,欧冠,Feyenoord,FC Barcelona
2027-05-15,欧冠,Liverpool FC,AC Milan
2027-05-15,欧冠,Arsenal FC,Liverpool FC
2027-05-15,欧冠,Bayern München,Paris Saint-Germain FC
2027-05-15,欧冠,Real Madrid CF,AC Milan
2027-05-20,欧冠,Napoli,FC Barcelona
2027-05-20,欧冠,Benfica,Arsenal FC
2026-08-24,意甲,frosinone,juventus
2026-08-24,意甲,venezia,lecce
2026-08-24,葡超,santa clara,famalicao
2026-08-24,西甲,getafe,racing de sandober
2026-08-24,意甲,torino,milan
2026-08-24,意甲,atalanta,sassuolo
2026-08-24,西甲,elche,barcelona
2026-08-24,葡超,porto,arouca
2026-08-24,美职,new england,new york city fc
2026-08-24,巴甲,santos,mirassol
2026-08-25,意甲,bologna,lazio
2026-08-25,瑞超,马尔默,佐加顿斯
2026-08-25,西甲,osasuna,levante
2026-08-25,意甲,roma,fiorentina
2026-08-25,英超,fulham,chelsea
2026-08-25,葡超,吉维森特,casa pia
2026-08-25,西甲,马拉加,拉科
2026-08-25,巴甲,botafogo,巴竞技
